{
  "timestamp": "20251211_181018",
  "optimizer": "ademamix",
  "kappa_values": [
    0.0,
    0.1,
    0.2,
    0.30000000000000004,
    0.4,
    0.5,
    0.6000000000000001,
    0.7000000000000001,
    0.8,
    0.9,
    1.0
  ],
  "model_params": {
    "alpha": 1.0,
    "beta": -0.28,
    "v": 400,
    "d": 100,
    "m": 100,
    "zeta": 1.0,
    "student_t_dof": 3.0,
    "sigma": 0.0
  },
  "training_params": {
    "steps": 1000,
    "batch_size": 100,
    "g2_scale": 0.01,
    "g3_over_g2": 1.0,
    "tanea_lr_scalar": 1.0,
    "clipsnr": 2.0,
    "delta": 6.0
  },
  "adam_params": {
    "lr": 0.01,
    "beta1": 0.99,
    "beta2": 0.999
  },
  "traceK": 1.642437219619751,
  "random_seed": 42,
  "ademamix_params": {
    "beta1": 0.9,
    "beta2": 0.999,
    "beta3": 0.9999,
    "alpha": 2.0
  }
}